0,0.16936293244361877,0.16170695424079895,0.4035072326660156,0.236663818359375
1,0.12721338868141174,0.10105668008327484,0.0,0.0
2,0.08184459805488586,0.08144627511501312,0.0,0.0
3,0.0696963220834732,0.07550211250782013,0.0,0.0
4,0.06574985384941101,0.07233760505914688,0.0,0.0
5,0.06362685561180115,0.07060189545154572,0.0,0.0
6,0.06189300864934921,0.06890250742435455,0.0,0.0
7,0.06026044860482216,0.06692976504564285,0.0,0.0
8,0.05867964029312134,0.06554152071475983,0.0,0.0
9,0.057234521955251694,0.06415946036577225,0.0,0.0
10,0.05607711523771286,0.062949039041996,0.0,0.0
11,0.05514293536543846,0.06207885965704918,0.0,0.0
12,0.05434610694646835,0.061266764998435974,0.0,0.0
13,0.05369756743311882,0.06074005365371704,0.0,0.0
14,0.053099315613508224,0.0599733367562294,0.0,0.0
15,0.05249388888478279,0.05942408740520477,0.0,0.0
16,0.05188047140836716,0.05855798348784447,0.0,0.0
17,0.05112479254603386,0.057977333664894104,0.0,0.0
18,0.05026751384139061,0.05700565129518509,0.0,0.0
19,0.0492202527821064,0.055708520114421844,0.0,0.0
20,0.04796569049358368,0.054226383566856384,0.11297865957021713,0.12537571787834167
21,0.046504054218530655,0.05278687924146652,0.0,0.0
22,0.04506881162524223,0.051260076463222504,0.0,0.0
23,0.04370856657624245,0.04984797164797783,0.0,0.0
24,0.04255017638206482,0.04901536926627159,0.0,0.0
25,0.041592713445425034,0.047683440148830414,0.0,0.0
26,0.04080178961157799,0.04689846187829971,0.0,0.0
27,0.040117908269166946,0.04646798595786095,0.0,0.0
28,0.03955110162496567,0.045935384929180145,0.0,0.0
29,0.03911685571074486,0.04549242928624153,0.0,0.0
30,0.03868681192398071,0.04496549442410469,0.0,0.0
31,0.03824293240904808,0.04457862302660942,0.0,0.0
32,0.0378921814262867,0.04430103674530983,0.0,0.0
33,0.03762471675872803,0.04394562914967537,0.0,0.0
34,0.03736380115151405,0.043863918632268906,0.0,0.0
35,0.03709707036614418,0.04338151961565018,0.0,0.0
36,0.03688930347561836,0.04333722963929176,0.0,0.0
37,0.036778032779693604,0.04300593212246895,0.0,0.0
38,0.036560457199811935,0.042764876037836075,0.0,0.0
39,0.036293234676122665,0.04272157698869705,0.0,0.0
40,0.03624645620584488,0.04260313883423805,0.058976273983716965,0.07146340608596802
41,0.03598997741937637,0.04232700541615486,0.0,0.0
42,0.0358731672167778,0.042120467871427536,0.0,0.0
43,0.03568427264690399,0.042158253490924835,0.0,0.0
44,0.03555864840745926,0.041839778423309326,0.0,0.0
45,0.03540362790226936,0.04173639044165611,0.0,0.0
46,0.035213764756917953,0.04134761914610863,0.0,0.0
47,0.034971702843904495,0.04110294207930565,0.0,0.0
48,0.03484390303492546,0.04109571501612663,0.0,0.0
49,0.03473803400993347,0.04096702113747597,0.0,0.0
50,0.03463662043213844,0.04056362062692642,0.0,0.0
51,0.034401144832372665,0.04040013253688812,0.0,0.0
52,0.03413592651486397,0.04017870873212814,0.0,0.0
53,0.03403973579406738,0.04004034772515297,0.0,0.0
54,0.03383452072739601,0.039863862097263336,0.0,0.0
55,0.033660877496004105,0.03954504430294037,0.0,0.0
56,0.033459458500146866,0.03937612473964691,0.0,0.0
57,0.03332137688994408,0.03919056057929993,0.0,0.0
58,0.03326018527150154,0.03917025774717331,0.0,0.0
59,0.0331047847867012,0.03898756206035614,0.0,0.0
60,0.03287019208073616,0.03876408562064171,0.039783358573913574,0.05652686581015587
61,0.032699741423130035,0.038519781082868576,0.0,0.0
62,0.03248995542526245,0.03821176290512085,0.0,0.0
63,0.032421160489320755,0.03823600709438324,0.0,0.0
64,0.03222141042351723,0.038005977869033813,0.0,0.0
65,0.0320662260055542,0.037887465208768845,0.0,0.0
66,0.03191021829843521,0.037692781537771225,0.0,0.0
67,0.03173479437828064,0.0374821312725544,0.0,0.0
68,0.0315529927611351,0.03728468716144562,0.0,0.0
69,0.03134799003601074,0.03713507950305939,0.0,0.0
70,0.03120027668774128,0.03699755296111107,0.0,0.0
71,0.03104390949010849,0.03672349080443382,0.0,0.0
72,0.03089287504553795,0.03668485954403877,0.0,0.0
73,0.030721459537744522,0.03668278083205223,0.0,0.0
74,0.03064504638314247,0.03647124394774437,0.0,0.0
75,0.030447324737906456,0.03627891466021538,0.0,0.0
76,0.030372079461812973,0.03615342080593109,0.0,0.0
77,0.03026997670531273,0.035880301147699356,0.0,0.0
78,0.030161170288920403,0.035932306200265884,0.0,0.0
79,0.0300457701086998,0.035779912024736404,0.0,0.0
80,0.029995707795023918,0.03572707623243332,0.03202284127473831,0.055198170244693756
81,0.02984248660504818,0.03542853891849518,0.0,0.0
82,0.02971697971224785,0.03529806435108185,0.0,0.0
83,0.029650572687387466,0.03524297848343849,0.0,0.0
84,0.029606906697154045,0.03543298691511154,0.0,0.0
85,0.029530620202422142,0.03529692813754082,0.0,0.0
86,0.029494188725948334,0.03498269245028496,0.0,0.0
87,0.02937917970120907,0.034929223358631134,0.0,0.0
88,0.029331088066101074,0.03485920652747154,0.0,0.0
89,0.029190437868237495,0.03485260158777237,0.0,0.0
90,0.029183844104409218,0.034718967974185944,0.0,0.0
91,0.02913086675107479,0.03484776243567467,0.0,0.0
92,0.029082302004098892,0.034736938774585724,0.0,0.0
93,0.02904643304646015,0.03468576446175575,0.0,0.0
94,0.028996625915169716,0.034521084278821945,0.0,0.0
95,0.02902420423924923,0.03465719893574715,0.0,0.0
96,0.028893988579511642,0.03445431962609291,0.0,0.0
97,0.028860867023468018,0.03441748768091202,0.0,0.0
98,0.028844062238931656,0.034304000437259674,0.0,0.0
99,0.028750328347086906,0.034210607409477234,0.0,0.0
100,0.028705602511763573,0.03406495228409767,0.01986098289489746,0.03695933148264885
101,0.028614144772291183,0.03410501405596733,0.0,0.0
102,0.028640076518058777,0.03441799432039261,0.0,0.0
103,0.028676824644207954,0.034156545996665955,0.0,0.0
104,0.028576884418725967,0.03398672491312027,0.0,0.0
105,0.028540562838315964,0.03379485011100769,0.0,0.0
106,0.028437606990337372,0.0338311493396759,0.0,0.0
107,0.028454434126615524,0.0339684784412384,0.0,0.0
108,0.028427666053175926,0.033817358314991,0.0,0.0
109,0.02841169573366642,0.03351355344057083,0.0,0.0
110,0.028312256559729576,0.03377823531627655,0.0,0.0
111,0.028294507414102554,0.03362305089831352,0.0,0.0
112,0.0282606054097414,0.03368851915001869,0.0,0.0
113,0.02823706716299057,0.033814191818237305,0.0,0.0
114,0.0282752625644207,0.033543579280376434,0.0,0.0
115,0.028152883052825928,0.033332545310258865,0.0,0.0
116,0.02812986634671688,0.03347162902355194,0.0,0.0
117,0.02812349796295166,0.03343145549297333,0.0,0.0
118,0.02808101661503315,0.03322955220937729,0.0,0.0
119,0.028082285076379776,0.03320172801613808,0.0,0.0
120,0.028032211586833,0.033314306288957596,0.02396448329091072,0.04706452041864395
121,0.02797640487551689,0.03325977548956871,0.0,0.0
122,0.02796037681400776,0.0330188013613224,0.0,0.0
123,0.02797604165971279,0.03312934562563896,0.0,0.0
124,0.02794748544692993,0.03305049240589142,0.0,0.0
125,0.02790120616555214,0.032898977398872375,0.0,0.0
126,0.027850113809108734,0.03312048316001892,0.0,0.0
127,0.0278901606798172,0.03307415544986725,0.0,0.0
128,0.02780701406300068,0.032867468893527985,0.0,0.0
129,0.027815649285912514,0.03281739354133606,0.0,0.0
130,0.027798084542155266,0.033093929290771484,0.0,0.0
131,0.027776263654232025,0.032815903425216675,0.0,0.0
132,0.02775488793849945,0.03294384479522705,0.0,0.0
133,0.027699660509824753,0.0327286496758461,0.0,0.0
134,0.027694957330822945,0.03267839178442955,0.0,0.0
135,0.027661720290780067,0.03270517289638519,0.0,0.0
136,0.027696965262293816,0.03270258009433746,0.0,0.0
137,0.02760029397904873,0.03251972049474716,0.0,0.0
138,0.027606317773461342,0.03263544291257858,0.0,0.0
139,0.027647024020552635,0.03253045305609703,0.0,0.0
140,0.027569517493247986,0.03233260288834572,0.02992025390267372,0.051099177449941635
141,0.027567317709326744,0.032509882003068924,0.0,0.0
142,0.027577929198741913,0.032475728541612625,0.0,0.0
143,0.02750793658196926,0.03238436579704285,0.0,0.0
144,0.027452033013105392,0.032468970865011215,0.0,0.0
145,0.02744945138692856,0.032416146248579025,0.0,0.0
146,0.02747155725955963,0.032263051718473434,0.0,0.0
147,0.0274120531976223,0.03226105496287346,0.0,0.0
148,0.0274435393512249,0.032151397317647934,0.0,0.0
149,0.027361134067177773,0.03209340199828148,0.0,0.0
150,0.02735384926199913,0.03208449110388756,0.0,0.0
151,0.02730022929608822,0.03218316659331322,0.0,0.0
152,0.027350634336471558,0.032176610082387924,0.0,0.0
153,0.027282653376460075,0.032051436603069305,0.0,0.0
154,0.027249803766608238,0.03213699534535408,0.0,0.0
155,0.02724657952785492,0.0319889597594738,0.0,0.0
156,0.027254825457930565,0.03211701288819313,0.0,0.0
157,0.027207445353269577,0.03185626119375229,0.0,0.0
158,0.027241144329309464,0.03195996582508087,0.0,0.0
159,0.027150873094797134,0.031722117215394974,0.0,0.0
160,0.027167944237589836,0.032016586512327194,0.02429216168820858,0.045871902257204056
161,0.027118265628814697,0.03181818127632141,0.0,0.0
162,0.0270966999232769,0.03180351108312607,0.0,0.0
163,0.02714209258556366,0.0319882370531559,0.0,0.0
164,0.027141449972987175,0.03183514252305031,0.0,0.0
165,0.027138445526361465,0.03207511827349663,0.0,0.0
166,0.027187278494238853,0.03175152838230133,0.0,0.0
167,0.02701890468597412,0.031860772520303726,0.0,0.0
168,0.027021756395697594,0.0316820852458477,0.0,0.0
169,0.02700583077967167,0.031657490879297256,0.0,0.0
170,0.02701891027390957,0.031713277101516724,0.0,0.0
171,0.026985174044966698,0.03153016045689583,0.0,0.0
172,0.026957636699080467,0.03153494372963905,0.0,0.0
173,0.026956001296639442,0.031654778867959976,0.0,0.0
174,0.02694973722100258,0.03152026608586311,0.0,0.0
175,0.026922529563307762,0.03154532611370087,0.0,0.0
176,0.026887541636824608,0.03145579621195793,0.0,0.0
177,0.026891259476542473,0.0314151830971241,0.0,0.0
178,0.026853838935494423,0.03145651891827583,0.0,0.0
179,0.0268771443516016,0.031386490911245346,0.0,0.0
180,0.026918010786175728,0.03154727444052696,0.025355124846100807,0.05580839142203331
181,0.026899687945842743,0.03136476129293442,0.0,0.0
182,0.02677457593381405,0.03134807571768761,0.0,0.0
183,0.026811979711055756,0.031329091638326645,0.0,0.0
184,0.026779642328619957,0.0312785729765892,0.0,0.0
185,0.026737509295344353,0.03142092376947403,0.0,0.0
186,0.026747575029730797,0.03126496821641922,0.0,0.0
187,0.026823285967111588,0.03129686415195465,0.0,0.0
188,0.026745319366455078,0.03132396563887596,0.0,0.0
189,0.026682941243052483,0.031093118712306023,0.0,0.0
190,0.026803843677043915,0.031140999868512154,0.0,0.0
191,0.026682313531637192,0.03122871182858944,0.0,0.0
192,0.026623239740729332,0.031263209879398346,0.0,0.0
193,0.02670460008084774,0.03115217015147209,0.0,0.0
194,0.02664983831346035,0.031198378652334213,0.0,0.0
195,0.02665065787732601,0.03113912045955658,0.0,0.0
196,0.02661818265914917,0.031195251271128654,0.0,0.0
197,0.026620803400874138,0.031078163534402847,0.0,0.0
198,0.026539575308561325,0.031228817999362946,0.0,0.0
199,0.02656169794499874,0.030973587185144424,0.0,0.0
200,0.026515236124396324,0.031146522611379623,0.012531131505966187,0.03620985150337219
201,0.026502540335059166,0.031238919124007225,0.0,0.0
202,0.02655809186398983,0.0309840589761734,0.0,0.0
203,0.026516476646065712,0.03111157938838005,0.0,0.0
204,0.026456693187355995,0.031000493094325066,0.0,0.0
205,0.026500707492232323,0.031058382242918015,0.0,0.0
206,0.026492265984416008,0.03096376731991768,0.0,0.0
207,0.02649085223674774,0.03095325641334057,0.0,0.0
208,0.026430105790495872,0.031054139137268066,0.0,0.0
209,0.02648036740720272,0.03086424432694912,0.0,0.0
210,0.02640741877257824,0.030959729105234146,0.0,0.0
211,0.026437440887093544,0.030933616682887077,0.0,0.0
212,0.02640734799206257,0.03095192089676857,0.0,0.0
213,0.026375114917755127,0.030757643282413483,0.0,0.0
214,0.026380810886621475,0.03085109405219555,0.0,0.0
215,0.02635415643453598,0.031024668365716934,0.0,0.0
216,0.026326023042201996,0.030762100592255592,0.0,0.0
217,0.02631797455251217,0.03100140392780304,0.0,0.0
218,0.02639879286289215,0.030851544812321663,0.0,0.0
219,0.02627880498766899,0.03079368732869625,0.0,0.0
220,0.026277661323547363,0.03082622028887272,0.005193757824599743,0.02339252457022667
221,0.02630886249244213,0.030816329643130302,0.0,0.0
222,0.026282891631126404,0.03072548285126686,0.0,0.0
223,0.026260098442435265,0.030723806470632553,0.0,0.0
224,0.026253432035446167,0.030936166644096375,0.0,0.0
225,0.026259729638695717,0.030753998085856438,0.0,0.0
226,0.026193516328930855,0.030791791155934334,0.0,0.0
227,0.026201030239462852,0.030743863433599472,0.0,0.0
228,0.026260077953338623,0.030590567737817764,0.0,0.0
229,0.026259927079081535,0.030912449583411217,0.0,0.0
230,0.026178479194641113,0.030723268166184425,0.0,0.0
231,0.026129918172955513,0.03066076524555683,0.0,0.0
232,0.02615514025092125,0.030758334323763847,0.0,0.0
233,0.02618844248354435,0.030771752819418907,0.0,0.0
234,0.02617623656988144,0.03059566579759121,0.0,0.0
235,0.026087692007422447,0.030637968331575394,0.0,0.0
236,0.0260938573628664,0.030696429312229156,0.0,0.0
237,0.026117824018001556,0.03062761388719082,0.0,0.0
238,0.026058997958898544,0.03051329404115677,0.0,0.0
239,0.02609088271856308,0.030627872794866562,0.0,0.0
240,0.02606465108692646,0.030668532475829124,0.010337612591683865,0.027105605229735374
241,0.026160534471273422,0.03064618818461895,0.0,0.0
242,0.026049213483929634,0.030591579154133797,0.0,0.0
243,0.026025496423244476,0.030492275953292847,0.0,0.0
244,0.026022640988230705,0.030454082414507866,0.0,0.0
245,0.026027798652648926,0.030426714569330215,0.0,0.0
246,0.025956805795431137,0.030512813478708267,0.0,0.0
247,0.02599422074854374,0.03047976642847061,0.0,0.0
248,0.025964748114347458,0.03052322193980217,0.0,0.0
249,0.025965992361307144,0.03053903952240944,0.0,0.0
250,0.025955673307180405,0.03040672466158867,0.0,0.0
251,0.02589569427073002,0.030429517850279808,0.0,0.0
252,0.0259210467338562,0.03043573908507824,0.0,0.0
253,0.02599375508725643,0.03052867017686367,0.0,0.0
254,0.02591855823993683,0.030426064506173134,0.0,0.0
255,0.02590990625321865,0.0303938090801239,0.0,0.0
256,0.025859098881483078,0.030231226235628128,0.0,0.0
257,0.025851402431726456,0.030504239723086357,0.0,0.0
258,0.02592572197318077,0.030293481424450874,0.0,0.0
259,0.025901278480887413,0.03044310212135315,0.0,0.0
260,0.025888880714774132,0.030495591461658478,0.02172168903052807,0.050445664674043655
261,0.02585413306951523,0.030285216867923737,0.0,0.0
262,0.02583243139088154,0.030215129256248474,0.0,0.0
263,0.025853488594293594,0.030322158709168434,0.0,0.0
264,0.025807445868849754,0.030238166451454163,0.0,0.0
265,0.025796793401241302,0.03023032657802105,0.0,0.0
266,0.025811515748500824,0.030187785625457764,0.0,0.0
267,0.025786539539694786,0.030250996351242065,0.0,0.0
268,0.02582128904759884,0.030373038724064827,0.0,0.0
269,0.02579663135111332,0.030252886936068535,0.0,0.0
270,0.025858186185359955,0.030224701389670372,0.0,0.0
271,0.025816628709435463,0.030160218477249146,0.0,0.0
272,0.02570861577987671,0.030212175101041794,0.0,0.0
273,0.02573563903570175,0.03035604953765869,0.0,0.0
274,0.025709431618452072,0.030215298756957054,0.0,0.0
275,0.025746086612343788,0.030219661071896553,0.0,0.0
276,0.025743799284100533,0.03005310893058777,0.0,0.0
277,0.02571794204413891,0.030045654624700546,0.0,0.0
278,0.0257179606705904,0.030030427500605583,0.0,0.0
279,0.02565244771540165,0.029974106699228287,0.0,0.0
280,0.02561480924487114,0.03002353385090828,0.013849886134266853,0.03923650085926056
281,0.025647155940532684,0.029996385797858238,0.0,0.0
282,0.025608643889427185,0.03000497631728649,0.0,0.0
283,0.025652842596173286,0.030138740316033363,0.0,0.0
284,0.025636058300733566,0.029902422800660133,0.0,0.0
285,0.025680160149931908,0.02999207377433777,0.0,0.0
286,0.02563519962131977,0.029935592785477638,0.0,0.0
287,0.025585919618606567,0.029968492686748505,0.0,0.0
288,0.025581469759345055,0.02996780350804329,0.0,0.0
289,0.02555845119059086,0.029844196513295174,0.0,0.0
290,0.025604955852031708,0.02998737245798111,0.0,0.0
291,0.02557183802127838,0.029850469902157784,0.0,0.0
292,0.025586405768990517,0.029996853321790695,0.0,0.0
293,0.025653764605522156,0.030025966465473175,0.0,0.0
294,0.0255818422883749,0.029932979494333267,0.0,0.0
295,0.025566821917891502,0.03026401251554489,0.0,0.0
296,0.02560127153992653,0.029887693002820015,0.0,0.0
297,0.025582585483789444,0.02997662127017975,0.0,0.0
298,0.02551737241446972,0.030047036707401276,0.0,0.0
299,0.025538848713040352,0.029991719871759415,0.0,0.0
300,0.025562038645148277,0.02973972074687481,0.029743840917944908,0.06261104345321655
301,0.02555094100534916,0.029793888330459595,0.0,0.0
302,0.025520747527480125,0.029904469847679138,0.0,0.0
303,0.025482747703790665,0.029910102486610413,0.0,0.0
304,0.025499777868390083,0.029849126935005188,0.0,0.0
305,0.025558197870850563,0.030044730752706528,0.0,0.0
306,0.025493519380688667,0.029760878533124924,0.0,0.0
307,0.025461576879024506,0.029795382171869278,0.0,0.0
308,0.025444308295845985,0.029814593493938446,0.0,0.0
309,0.02548385038971901,0.029800336807966232,0.0,0.0
310,0.02542545646429062,0.029743483290076256,0.0,0.0
311,0.0254366397857666,0.029821179807186127,0.0,0.0
312,0.025407254695892334,0.029724042862653732,0.0,0.0
313,0.025431636720895767,0.029788464307785034,0.0,0.0
314,0.025409573689103127,0.02969929203391075,0.0,0.0
315,0.02545890025794506,0.029742015525698662,0.0,0.0
316,0.02542281150817871,0.029738249257206917,0.0,0.0
317,0.025382274761795998,0.029969751834869385,0.0,0.0
318,0.02540295012295246,0.029764702543616295,0.0,0.0
319,0.02542779967188835,0.029736945405602455,0.0,0.0
320,0.0253612007945776,0.029727689921855927,0.01136175449937582,0.039246656000614166
321,0.02538497932255268,0.02953558787703514,0.0,0.0
322,0.02535150945186615,0.029621517285704613,0.0,0.0
323,0.025327295064926147,0.029615096747875214,0.0,0.0
324,0.025329910218715668,0.029696285724639893,0.0,0.0
325,0.02533731237053871,0.029657533392310143,0.0,0.0
326,0.025315789505839348,0.029802806675434113,0.0,0.0
327,0.025338217616081238,0.029645733535289764,0.0,0.0
328,0.025364063680171967,0.02945440448820591,0.0,0.0
329,0.025297939777374268,0.029645759612321854,0.0,0.0
330,0.025334829464554787,0.02961927093565464,0.0,0.0
331,0.025317994877696037,0.029593616724014282,0.0,0.0
332,0.025326550006866455,0.029753122478723526,0.0,0.0
333,0.025336574763059616,0.029576173052191734,0.0,0.0
334,0.025281641632318497,0.029498396441340446,0.0,0.0
335,0.025304989889264107,0.02967054396867752,0.0,0.0
336,0.02529468946158886,0.029565827921032906,0.0,0.0
337,0.02530517242848873,0.02958468347787857,0.0,0.0
338,0.02530924417078495,0.02941194735467434,0.0,0.0
339,0.025259999558329582,0.02951955609023571,0.0,0.0
340,0.025281494483351707,0.02951485477387905,0.027801424264907837,0.06179556995630264
341,0.02525932714343071,0.02962620183825493,0.0,0.0
342,0.025268858298659325,0.02961196005344391,0.0,0.0
343,0.025216655805706978,0.029537847265601158,0.0,0.0
344,0.025201544165611267,0.02946317195892334,0.0,0.0
345,0.02522946335375309,0.02946634776890278,0.0,0.0
346,0.025219950824975967,0.029475882649421692,0.0,0.0
347,0.025239521637558937,0.029715226963162422,0.0,0.0
348,0.025307634845376015,0.029668617993593216,0.0,0.0
349,0.025237316265702248,0.029497362673282623,0.0,0.0
350,0.02526269480586052,0.029505381360650063,0.0,0.0
351,0.025239458307623863,0.02963757887482643,0.0,0.0
352,0.02521822415292263,0.02956133335828781,0.0,0.0
353,0.025154799222946167,0.029423948377370834,0.0,0.0
354,0.025204768404364586,0.02949344553053379,0.0,0.0
355,0.02521861530840397,0.029519731178879738,0.0,0.0
356,0.025150904431939125,0.02935563214123249,0.0,0.0
357,0.025147845968604088,0.02947942540049553,0.0,0.0
358,0.025135785341262817,0.029413962736725807,0.0,0.0
359,0.025095641613006592,0.029326539486646652,0.0,0.0
360,0.025114981457591057,0.029336417093873024,0.01936839520931244,0.0622507706284523
361,0.025122487917542458,0.029405556619167328,0.0,0.0
362,0.025133363902568817,0.029352769255638123,0.0,0.0
363,0.025147616863250732,0.029421275481581688,0.0,0.0
364,0.0251705851405859,0.029385870322585106,0.0,0.0
365,0.025092288851737976,0.029328694567084312,0.0,0.0
366,0.025122689083218575,0.029260341078042984,0.0,0.0
367,0.025122156366705894,0.02949613519012928,0.0,0.0
368,0.025166956707835197,0.02939840964972973,0.0,0.0
369,0.025103271007537842,0.02939792163670063,0.0,0.0
370,0.025118837133049965,0.02940969541668892,0.0,0.0
371,0.025060703977942467,0.029354119673371315,0.0,0.0
372,0.025072131305933,0.029384123161435127,0.0,0.0
373,0.025143489241600037,0.029357993975281715,0.0,0.0
374,0.025118455290794373,0.029528900980949402,0.0,0.0
375,0.025101613253355026,0.02934153936803341,0.0,0.0
376,0.025047361850738525,0.02920270524919033,0.0,0.0
377,0.02503778226673603,0.02941659837961197,0.0,0.0
378,0.02507445588707924,0.02920852042734623,0.0,0.0
379,0.025052152574062347,0.029351023957133293,0.0,0.0
380,0.025026192888617516,0.029384512454271317,0.02400759421288967,0.05552626773715019
381,0.02504732273519039,0.02927413024008274,0.0,0.0
382,0.02503681741654873,0.029317405074834824,0.0,0.0
383,0.025078849866986275,0.029395340010523796,0.0,0.0
384,0.025031620636582375,0.02936222404241562,0.0,0.0
385,0.025057880207896233,0.0293117705732584,0.0,0.0
386,0.025062352418899536,0.029241792857646942,0.0,0.0
387,0.025050459429621696,0.029328789561986923,0.0,0.0
388,0.025028804317116737,0.029196782037615776,0.0,0.0
389,0.02498929388821125,0.029264522716403008,0.0,0.0
390,0.024972116574645042,0.029442017897963524,0.0,0.0
391,0.025006411597132683,0.0291756559163332,0.0,0.0
392,0.025015925988554955,0.029299551621079445,0.0,0.0
393,0.025039158761501312,0.029249776154756546,0.0,0.0
394,0.024999046698212624,0.029212670400738716,0.0,0.0
395,0.025009743869304657,0.029155327007174492,0.0,0.0
396,0.024991920217871666,0.029322586953639984,0.0,0.0
397,0.024998173117637634,0.029341600835323334,0.0,0.0
398,0.02493377774953842,0.029198385775089264,0.0,0.0
399,0.024910196661949158,0.029192404821515083,0.0,0.0
400,0.02495102770626545,0.029149850830435753,0.008200523443520069,0.03681378439068794
401,0.024988671764731407,0.02921391651034355,0.0,0.0
402,0.024934271350502968,0.029334791004657745,0.0,0.0
403,0.024971649050712585,0.029112644493579865,0.0,0.0
404,0.024957766756415367,0.029084470123052597,0.0,0.0
405,0.024927763268351555,0.02924739383161068,0.0,0.0
406,0.024936974048614502,0.029254557564854622,0.0,0.0
407,0.024967001751065254,0.029447151347994804,0.0,0.0
408,0.02493281289935112,0.02914060838520527,0.0,0.0
409,0.024893783032894135,0.029228176921606064,0.0,0.0
410,0.024911001324653625,0.029200077056884766,0.0,0.0
411,0.024919139221310616,0.029354440048336983,0.0,0.0
412,0.024876946583390236,0.02912917546927929,0.0,0.0
413,0.02488897182047367,0.029187900945544243,0.0,0.0
414,0.024927979335188866,0.02920730970799923,0.0,0.0
415,0.024953583255410194,0.029228059574961662,0.0,0.0
416,0.024904444813728333,0.029240524396300316,0.0,0.0
417,0.02485062927007675,0.0291647557169199,0.0,0.0
418,0.024853557348251343,0.02909289300441742,0.0,0.0
419,0.024868717417120934,0.029185594990849495,0.0,0.0
420,0.024894731119275093,0.02909660153090954,0.032626159489154816,0.07202352583408356
421,0.02487265132367611,0.02925749681890011,0.0,0.0
422,0.024868421256542206,0.029111763462424278,0.0,0.0
423,0.024825608357787132,0.029089799150824547,0.0,0.0
424,0.024866783991456032,0.029099153354763985,0.0,0.0
425,0.02488994598388672,0.029132453724741936,0.0,0.0
426,0.024892985820770264,0.029166821390390396,0.0,0.0
427,0.02485480159521103,0.029111308977007866,0.0,0.0
428,0.024865135550498962,0.02901260182261467,0.0,0.0
429,0.024807682260870934,0.02905125543475151,0.0,0.0
430,0.024804478511214256,0.02909131906926632,0.0,0.0
431,0.024793462827801704,0.0291142575442791,0.0,0.0
432,0.024806294590234756,0.028954846784472466,0.0,0.0
433,0.02483854629099369,0.029077814891934395,0.0,0.0
434,0.024793950840830803,0.02894062176346779,0.0,0.0
435,0.024804696440696716,0.029034961014986038,0.0,0.0
436,0.02476906217634678,0.029025765135884285,0.0,0.0
437,0.024805208668112755,0.028960762545466423,0.0,0.0
438,0.02478698454797268,0.02905994839966297,0.0,0.0
439,0.024779997766017914,0.029090432450175285,0.0,0.0
440,0.024799883365631104,0.029053732752799988,0.021883608773350716,0.05346024036407471
441,0.02482225000858307,0.028996502980589867,0.0,0.0
442,0.024752812460064888,0.028989221900701523,0.0,0.0
443,0.024748459458351135,0.0289068054407835,0.0,0.0
444,0.024778947234153748,0.029162924736738205,0.0,0.0
445,0.024777499958872795,0.029031677171587944,0.0,0.0
446,0.024718180298805237,0.02897939272224903,0.0,0.0
447,0.02472357451915741,0.02898791804909706,0.0,0.0
448,0.02473416179418564,0.02896798960864544,0.0,0.0
449,0.024727752432227135,0.028998160734772682,0.0,0.0
450,0.024750934913754463,0.02907286398112774,0.0,0.0
451,0.0247663427144289,0.02907923422753811,0.0,0.0
452,0.02469833940267563,0.029180414974689484,0.0,0.0
453,0.024775197729468346,0.029062975198030472,0.0,0.0
454,0.0247260183095932,0.029048556461930275,0.0,0.0
455,0.024785488843917847,0.02903974987566471,0.0,0.0
456,0.024776717647910118,0.029135048389434814,0.0,0.0
457,0.024757985025644302,0.029190832749009132,0.0,0.0
458,0.02470800094306469,0.02905815653502941,0.0,0.0
459,0.024702558293938637,0.02896968461573124,0.0,0.0
460,0.024683753028512,0.02898097224533558,0.012210863642394543,0.041415855288505554
461,0.02473805472254753,0.0289932694286108,0.0,0.0
462,0.024691402912139893,0.028836486861109734,0.0,0.0
463,0.0246462132781744,0.02895636111497879,0.0,0.0
464,0.024677960202097893,0.028921358287334442,0.0,0.0
465,0.024718593806028366,0.02885243110358715,0.0,0.0
466,0.024693364277482033,0.029055267572402954,0.0,0.0
467,0.024719884619116783,0.029094818979501724,0.0,0.0
468,0.02468174137175083,0.028854146599769592,0.0,0.0
469,0.024661684408783913,0.02893461473286152,0.0,0.0
470,0.024665767326951027,0.029119042679667473,0.0,0.0
471,0.024676090106368065,0.028935087844729424,0.0,0.0
472,0.02467963472008705,0.02893581986427307,0.0,0.0
473,0.024689311161637306,0.028907207772135735,0.0,0.0
474,0.02467593364417553,0.028991805389523506,0.0,0.0
475,0.024656372144818306,0.029220379889011383,0.0,0.0
476,0.02468651533126831,0.02897612564265728,0.0,0.0
477,0.024723438546061516,0.028995469212532043,0.0,0.0
478,0.024655744433403015,0.029001614078879356,0.0,0.0
479,0.024633154273033142,0.02888375148177147,0.0,0.0
480,0.02464393340051174,0.028866512700915337,0.02018485963344574,0.048300448805093765
481,0.02464069426059723,0.028878990560770035,0.0,0.0
482,0.024633435532450676,0.028874024748802185,0.0,0.0
483,0.02464268170297146,0.028912818059325218,0.0,0.0
484,0.024591777473688126,0.028866250067949295,0.0,0.0
485,0.02461833879351616,0.029007596895098686,0.0,0.0
486,0.024633679538965225,0.028937237337231636,0.0,0.0
487,0.024627795442938805,0.02885476127266884,0.0,0.0
488,0.02464461326599121,0.029048863798379898,0.0,0.0
489,0.024584952741861343,0.029003657400608063,0.0,0.0
490,0.02464347518980503,0.028783585876226425,0.0,0.0
491,0.02464614249765873,0.02897266112267971,0.0,0.0
492,0.02463696524500847,0.028832895681262016,0.0,0.0
493,0.024612540379166603,0.029013438150286674,0.0,0.0
494,0.02458740398287773,0.028732728213071823,0.0,0.0
495,0.02457711100578308,0.028903258964419365,0.0,0.0
496,0.024554500356316566,0.028774036094546318,0.0,0.0
497,0.024571770802140236,0.0287562757730484,0.0,0.0
498,0.024605564773082733,0.02884739451110363,0.0,0.0
499,0.02456681989133358,0.02902057021856308,0.0,0.0
500,0.02458776719868183,0.028853176161646843,0.018406499177217484,0.059894390404224396
501,0.024581367149949074,0.028964867815375328,0.0,0.0
502,0.024583373218774796,0.028891928493976593,0.0,0.0
503,0.024594109505414963,0.028818737715482712,0.0,0.0
504,0.024572191759943962,0.028861621394753456,0.0,0.0
505,0.024551592767238617,0.028767913579940796,0.0,0.0
506,0.02452952042222023,0.028913302347064018,0.0,0.0
507,0.024603556841611862,0.02878963015973568,0.0,0.0
508,0.024588249623775482,0.028872717171907425,0.0,0.0
509,0.02455672062933445,0.028822995722293854,0.0,0.0
510,0.024530649185180664,0.028872104361653328,0.0,0.0
511,0.024532124400138855,0.028748957440257072,0.0,0.0
512,0.02451755851507187,0.028887050226330757,0.0,0.0
513,0.024529198184609413,0.02879592776298523,0.0,0.0
514,0.024584993720054626,0.028809942305088043,0.0,0.0
515,0.0245436429977417,0.02877742610871792,0.0,0.0
516,0.024521514773368835,0.028900781646370888,0.0,0.0
517,0.024521712213754654,0.028850216418504715,0.0,0.0
518,0.024511197581887245,0.0288117416203022,0.0,0.0
519,0.024537866935133934,0.028808685019612312,0.0,0.0
520,0.02455398254096508,0.028852185234427452,0.020045945420861244,0.05081078037619591
521,0.024598008021712303,0.02889806404709816,0.0,0.0
522,0.02456384338438511,0.028860442340373993,0.0,0.0
523,0.02452072873711586,0.028707001358270645,0.0,0.0
524,0.02450493536889553,0.02871040627360344,0.0,0.0
525,0.024481767788529396,0.028693880885839462,0.0,0.0
526,0.02449089288711548,0.028734849765896797,0.0,0.0
527,0.024474432691931725,0.02877112664282322,0.0,0.0
528,0.024440674111247063,0.02878369390964508,0.0,0.0
529,0.024458402767777443,0.028754903003573418,0.0,0.0
530,0.024437135085463524,0.028777118772268295,0.0,0.0
531,0.02448239177465439,0.028590086847543716,0.0,0.0
532,0.024492323398590088,0.028934700414538383,0.0,0.0
533,0.024510398507118225,0.028864271938800812,0.0,0.0
534,0.02454734407365322,0.028772758319973946,0.0,0.0
535,0.02448095567524433,0.028785880655050278,0.0,0.0
536,0.024432435631752014,0.028627486899495125,0.0,0.0
537,0.02442222274839878,0.028843116015195847,0.0,0.0
538,0.024447111412882805,0.02869323268532753,0.0,0.0
539,0.0244793351739645,0.02872866950929165,0.0,0.0
540,0.024409214034676552,0.02872576378285885,0.023235782980918884,0.06275681406259537
541,0.02441559173166752,0.02872694656252861,0.0,0.0
542,0.024416182190179825,0.028708428144454956,0.0,0.0
543,0.02448388747870922,0.028790973126888275,0.0,0.0
544,0.024424046277999878,0.028629962354898453,0.0,0.0
545,0.02439507097005844,0.028670353814959526,0.0,0.0
546,0.02437409572303295,0.028476104140281677,0.0,0.0
547,0.02442956529557705,0.02877894416451454,0.0,0.0
548,0.024435482919216156,0.028740225359797478,0.0,0.0
549,0.024401074275374413,0.028606684878468513,0.0,0.0
550,0.02440660633146763,0.028662506490945816,0.0,0.0
551,0.024371938779950142,0.028616296127438545,0.0,0.0
552,0.02437373250722885,0.02876315638422966,0.0,0.0
553,0.024389738216996193,0.02883050963282585,0.0,0.0
554,0.02442353405058384,0.028725972399115562,0.0,0.0
555,0.02441144548356533,0.028644245117902756,0.0,0.0
556,0.024447796866297722,0.028643736615777016,0.0,0.0
557,0.024398213252425194,0.028718769550323486,0.0,0.0
558,0.02437770366668701,0.028639739379286766,0.0,0.0
559,0.024393144994974136,0.028524041175842285,0.0,0.0
560,0.024410352110862732,0.0287199467420578,0.01896137371659279,0.046861063688993454
561,0.024382352828979492,0.028567945584654808,0.0,0.0
562,0.024327347055077553,0.028634723275899887,0.0,0.0
563,0.02433246374130249,0.028626704588532448,0.0,0.0
564,0.024340739473700523,0.028725016862154007,0.0,0.0
565,0.02437259443104267,0.02868967317044735,0.0,0.0
566,0.0243547260761261,0.028667952865362167,0.0,0.0
567,0.02437695302069187,0.02867932990193367,0.0,0.0
568,0.024380913004279137,0.028686076402664185,0.0,0.0
569,0.024344557896256447,0.02860294096171856,0.0,0.0
570,0.024334430694580078,0.028588110581040382,0.0,0.0
571,0.0243498794734478,0.028797926381230354,0.0,0.0
572,0.024385850876569748,0.02870253287255764,0.0,0.0
573,0.024406909942626953,0.028700808063149452,0.0,0.0
574,0.024345338344573975,0.028558019548654556,0.0,0.0
575,0.02431178092956543,0.028567057102918625,0.0,0.0
576,0.024295764043927193,0.028537677600979805,0.0,0.0
577,0.024352511391043663,0.02857939898967743,0.0,0.0
578,0.024321870878338814,0.028638245537877083,0.0,0.0
579,0.024293022230267525,0.02851739153265953,0.0,0.0
580,0.024286162108182907,0.028529824689030647,0.01897316612303257,0.06252839416265488
581,0.02428838424384594,0.02866913191974163,0.0,0.0
582,0.02433829940855503,0.02850552462041378,0.0,0.0
583,0.02431492507457733,0.028732996433973312,0.0,0.0
584,0.024366209283471107,0.02860211208462715,0.0,0.0
585,0.02428850531578064,0.028572866693139076,0.0,0.0
586,0.0242418572306633,0.02863243967294693,0.0,0.0
587,0.024318348616361618,0.02860676683485508,0.0,0.0
588,0.024317732080817223,0.02855381928384304,0.0,0.0
589,0.024271927773952484,0.028613494709134102,0.0,0.0
590,0.02429625764489174,0.028621625155210495,0.0,0.0
591,0.02428433857858181,0.0286695659160614,0.0,0.0
592,0.024299556389451027,0.02874399535357952,0.0,0.0
593,0.024302903562784195,0.0286805909126997,0.0,0.0
594,0.024278199300169945,0.02845863066613674,0.0,0.0
595,0.024264385923743248,0.028665777295827866,0.0,0.0
596,0.024372702464461327,0.02874029241502285,0.0,0.0
597,0.024309996515512466,0.028610611334443092,0.0,0.0
598,0.02430192194879055,0.028545204550027847,0.0,0.0
599,0.024294810369610786,0.02864953689277172,0.0,0.0
600,0.02426580712199211,0.02851015329360962,0.017512965947389603,0.05409223958849907
601,0.024261925369501114,0.02853577770292759,0.0,0.0
602,0.02425524964928627,0.028579995036125183,0.0,0.0
603,0.024316901341080666,0.028602037578821182,0.0,0.0
604,0.024280348792672157,0.028619954362511635,0.0,0.0
605,0.024234646931290627,0.028593482449650764,0.0,0.0
606,0.024292731657624245,0.02860463224351406,0.0,0.0
607,0.02423105016350746,0.028504271060228348,0.0,0.0
608,0.024266796186566353,0.028617508709430695,0.0,0.0
609,0.024298982694745064,0.028487971052527428,0.0,0.0
610,0.024223849177360535,0.028503231704235077,0.0,0.0
611,0.024246960878372192,0.028667133301496506,0.0,0.0
612,0.024256175383925438,0.028512686491012573,0.0,0.0
613,0.024191174656152725,0.028514930978417397,0.0,0.0
614,0.02419377490878105,0.02858780510723591,0.0,0.0
615,0.02416355535387993,0.02849419414997101,0.0,0.0
616,0.024242978543043137,0.02850273810327053,0.0,0.0
617,0.024251453578472137,0.028464291244745255,0.0,0.0
618,0.02426287904381752,0.02875095047056675,0.0,0.0
619,0.024204298853874207,0.028518714010715485,0.0,0.0
620,0.02424614317715168,0.028616011142730713,0.032676439732313156,0.06296109408140182
621,0.02423606812953949,0.028542103245854378,0.0,0.0
622,0.024192750453948975,0.028489986434578896,0.0,0.0
623,0.024172745645046234,0.0285283625125885,0.0,0.0
624,0.024214407429099083,0.028526512905955315,0.0,0.0
625,0.02420094981789589,0.028644248843193054,0.0,0.0
626,0.024232028052210808,0.028506146743893623,0.0,0.0
627,0.024177953600883484,0.02844787947833538,0.0,0.0
628,0.024187950417399406,0.028452111408114433,0.0,0.0
629,0.024161383509635925,0.028525156900286674,0.0,0.0
630,0.02416294626891613,0.028492096811532974,0.0,0.0
631,0.024130448698997498,0.028461938723921776,0.0,0.0
632,0.024171393364667892,0.028529677540063858,0.0,0.0
633,0.024160949513316154,0.028541220352053642,0.0,0.0
634,0.02411794662475586,0.028433863073587418,0.0,0.0
635,0.024097654968500137,0.02858029119670391,0.0,0.0
636,0.02412312664091587,0.028371956199407578,0.0,0.0
637,0.024098137393593788,0.02851787582039833,0.0,0.0
638,0.02414492703974247,0.02851719968020916,0.0,0.0
639,0.024161236360669136,0.028357261791825294,0.0,0.0
640,0.024158542975783348,0.028360534459352493,0.02424742467701435,0.07053454965353012
641,0.024104688316583633,0.028655892238020897,0.0,0.0
642,0.02411724254488945,0.02843744121491909,0.0,0.0
643,0.024103567004203796,0.028477763757109642,0.0,0.0
644,0.024097906425595284,0.028312943875789642,0.0,0.0
645,0.024116376414895058,0.02846110612154007,0.0,0.0
646,0.024121791124343872,0.028527885675430298,0.0,0.0
647,0.02411787211894989,0.02841804176568985,0.0,0.0
648,0.024122033268213272,0.02840840443968773,0.0,0.0
649,0.024169033393263817,0.028324836865067482,0.0,0.0
650,0.024127399548888206,0.028420640155673027,0.0,0.0
651,0.024091821163892746,0.028473058715462685,0.0,0.0
652,0.024062996730208397,0.028558380901813507,0.0,0.0
653,0.024101251736283302,0.028508922085165977,0.0,0.0
654,0.02409627102315426,0.02846526727080345,0.0,0.0
655,0.02412525750696659,0.02836010977625847,0.0,0.0
656,0.024114931002259254,0.02849598415195942,0.0,0.0
657,0.024104302749037743,0.028399989008903503,0.0,0.0
658,0.024100743234157562,0.0283550675958395,0.0,0.0
659,0.024088973179459572,0.028302373364567757,0.0,0.0
660,0.02409796416759491,0.028428994119167328,0.02606942690908909,0.052295662462711334
661,0.0240872111171484,0.028437428176403046,0.0,0.0
662,0.02406381070613861,0.028524845838546753,0.0,0.0
663,0.024121811613440514,0.028488360345363617,0.0,0.0
664,0.024101732298731804,0.02851468324661255,0.0,0.0
665,0.024077389389276505,0.028411492705345154,0.0,0.0
666,0.02403847873210907,0.02843504026532173,0.0,0.0
667,0.024110928177833557,0.028425125405192375,0.0,0.0
668,0.024047264829277992,0.028524519875645638,0.0,0.0
669,0.024099145084619522,0.028325771912932396,0.0,0.0
670,0.0240806695073843,0.028394898399710655,0.0,0.0
671,0.024047479033470154,0.028247838839888573,0.0,0.0
672,0.024037232622504234,0.028473597019910812,0.0,0.0
673,0.024035746231675148,0.028330452740192413,0.0,0.0
674,0.02402496337890625,0.028241781517863274,0.0,0.0
675,0.02403109334409237,0.028296837583184242,0.0,0.0
676,0.024007461965084076,0.028403664007782936,0.0,0.0
677,0.024044368416070938,0.02838965319097042,0.0,0.0
678,0.024027958512306213,0.0283124428242445,0.0,0.0
679,0.024003688246011734,0.028376640751957893,0.0,0.0
680,0.024034075438976288,0.028549503535032272,0.024265801534056664,0.06149578094482422
681,0.02404773235321045,0.028537191450595856,0.0,0.0
682,0.024045685306191444,0.028363626450300217,0.0,0.0
683,0.024001678451895714,0.028286699205636978,0.0,0.0
684,0.023993363603949547,0.028292035683989525,0.0,0.0
685,0.024026528000831604,0.028436778113245964,0.0,0.0
686,0.023981885984539986,0.02835371159017086,0.0,0.0
687,0.024023637175559998,0.028225230053067207,0.0,0.0
688,0.024031752720475197,0.02850375883281231,0.0,0.0
689,0.024004822596907616,0.028350817039608955,0.0,0.0
690,0.02400105446577072,0.02858487144112587,0.0,0.0
691,0.024083398282527924,0.028505751863121986,0.0,0.0
692,0.024060599505901337,0.02848166599869728,0.0,0.0
693,0.023997658863663673,0.028321878984570503,0.0,0.0
694,0.023946641013026237,0.028405986726284027,0.0,0.0
695,0.02396298572421074,0.028233373537659645,0.0,0.0
696,0.023997686803340912,0.0283843781799078,0.0,0.0
697,0.02398768998682499,0.028429146856069565,0.0,0.0
698,0.024040162563323975,0.028255833312869072,0.0,0.0
699,0.023980995640158653,0.028340063989162445,0.0,0.0
700,0.02401704713702202,0.028362654149532318,0.02327248454093933,0.06306181102991104
701,0.024005698040127754,0.028266290202736855,0.0,0.0
702,0.024018561467528343,0.02833341807126999,0.0,0.0
703,0.02394641563296318,0.028281599283218384,0.0,0.0
704,0.02397514507174492,0.02823004126548767,0.0,0.0
705,0.023949438706040382,0.028355885297060013,0.0,0.0
706,0.023923825472593307,0.028307480737566948,0.0,0.0
707,0.023940378800034523,0.028213094919919968,0.0,0.0
708,0.024005768820643425,0.0283855888992548,0.0,0.0
709,0.024017298594117165,0.028259115293622017,0.0,0.0
710,0.023936131969094276,0.02820495516061783,0.0,0.0
711,0.02395462989807129,0.02835526131093502,0.0,0.0
712,0.023951327428221703,0.028191857039928436,0.0,0.0
713,0.023903701454401016,0.02833871729671955,0.0,0.0
714,0.02398676797747612,0.02826622873544693,0.0,0.0
715,0.023994646966457367,0.028378918766975403,0.0,0.0
716,0.023974860087037086,0.028322773054242134,0.0,0.0
717,0.02393048256635666,0.028290333226323128,0.0,0.0
718,0.02395997941493988,0.028345657512545586,0.0,0.0
719,0.023952756077051163,0.028404053300619125,0.0,0.0
720,0.023905066773295403,0.02825906313955784,0.0127307353541255,0.04662243649363518
721,0.023908719420433044,0.028242815285921097,0.0,0.0
722,0.023880576714873314,0.028260868042707443,0.0,0.0
723,0.0238961074501276,0.028259139508008957,0.0,0.0
724,0.0239290539175272,0.028320660814642906,0.0,0.0
725,0.023882994428277016,0.028483739122748375,0.0,0.0
726,0.02396572008728981,0.028198448941111565,0.0,0.0
727,0.023941561579704285,0.028512537479400635,0.0,0.0
728,0.02389976941049099,0.02839723229408264,0.0,0.0
729,0.02394115924835205,0.02834959328174591,0.0,0.0
730,0.02390715293586254,0.02837429754436016,0.0,0.0
731,0.023903867229819298,0.028331497684121132,0.0,0.0
732,0.02389930747449398,0.028288215398788452,0.0,0.0
733,0.023902527987957,0.02816072106361389,0.0,0.0
734,0.023889219388365746,0.02836732007563114,0.0,0.0
735,0.023885658010840416,0.028321804478764534,0.0,0.0
736,0.02387930080294609,0.028300989419221878,0.0,0.0
737,0.023867588490247726,0.02824772521853447,0.0,0.0
738,0.023865630850195885,0.02833073027431965,0.0,0.0
739,0.023883825168013573,0.028246600180864334,0.0,0.0
740,0.023863544687628746,0.028371665626764297,0.020305082201957703,0.06086890026926994
741,0.023888366296887398,0.02824455313384533,0.0,0.0
742,0.023891359567642212,0.028271369636058807,0.0,0.0
743,0.023914942517876625,0.02834164723753929,0.0,0.0
744,0.023888496682047844,0.028274549171328545,0.0,0.0
745,0.023847604170441628,0.028291130438447,0.0,0.0
746,0.023824483156204224,0.028141982853412628,0.0,0.0
747,0.02385912835597992,0.028208991512656212,0.0,0.0
748,0.023830996826291084,0.028291234746575356,0.0,0.0
749,0.02385730668902397,0.02813241071999073,0.0,0.0
750,0.02386358380317688,0.02825932390987873,0.0,0.0
751,0.02384844422340393,0.028230780735611916,0.0,0.0
752,0.023854104802012444,0.028266070410609245,0.0,0.0
753,0.023839110508561134,0.02839423529803753,0.0,0.0
754,0.023892134428024292,0.02842281572520733,0.0,0.0
755,0.02387775480747223,0.028284037485718727,0.0,0.0
756,0.023854831233620644,0.028306355699896812,0.0,0.0
757,0.023852597922086716,0.02823549136519432,0.0,0.0
758,0.023824946954846382,0.028490105643868446,0.0,0.0
759,0.023895177990198135,0.028361406177282333,0.0,0.0
760,0.023849904537200928,0.028323549777269363,0.0186605267226696,0.05365335941314697
761,0.023885434493422508,0.02828235551714897,0.0,0.0
762,0.0237894169986248,0.028164776042103767,0.0,0.0
763,0.023809686303138733,0.028177859261631966,0.0,0.0
764,0.02386428602039814,0.028301337733864784,0.0,0.0
765,0.02380247972905636,0.028263676911592484,0.0,0.0
766,0.023820871487259865,0.028309470042586327,0.0,0.0
767,0.023811617866158485,0.02826143614947796,0.0,0.0
768,0.023828407749533653,0.028238723054528236,0.0,0.0
769,0.023824743926525116,0.028291596099734306,0.0,0.0
770,0.023819606751203537,0.02820444479584694,0.0,0.0
771,0.023785773664712906,0.028308091685175896,0.0,0.0
772,0.02378671057522297,0.028101922944188118,0.0,0.0
773,0.023811286315321922,0.028309626504778862,0.0,0.0
774,0.023795386776328087,0.028213806450366974,0.0,0.0
775,0.023784497752785683,0.02826264314353466,0.0,0.0
776,0.023818764835596085,0.02818978577852249,0.0,0.0
777,0.02379666268825531,0.028288019821047783,0.0,0.0
778,0.023789016529917717,0.02820066548883915,0.0,0.0
779,0.023828908801078796,0.028146669268608093,0.0,0.0
